{
  "Component-dbg.js": 1714787110999,
  "test/integration/FirstJourney.js": 1714787111011,
  "test/integration/pages/BooksList.js": 1714787111011,
  "test/integration/opaTests.qunit.js": 1714787111007,
  "test/integration/pages/BooksObjectPage.js": 1714787111011,
  "test/testsuite.qunit.js": 1714787111007,
  "xs-app.json": 1714787294268,
  "manifest.json": 1714787212696,
  "Component.js": 1714787110999,
  "test/integration/pages/BooksObjectPage-dbg.js": 1714787111011,
  "test/integration/pages/BooksObjectPage.js.map": 1714787302249,
  "test/integration/pages/BooksList-dbg.js": 1714787111011,
  "test/integration/pages/BooksList.js.map": 1714787302247,
  "test/integration/opaTests.qunit-dbg.js": 1714787111007,
  "test/integration/opaTests.qunit.js.map": 1714787302245,
  "test/integration/FirstJourney-dbg.js": 1714787111011,
  "test/integration/FirstJourney.js.map": 1714787302244,
  "test/testsuite.qunit-dbg.js": 1714787111007,
  "test/testsuite.qunit.js.map": 1714787302248,
  "i18n/i18n.properties": 1714787110999,
  "Component.js.map": 1714787302248,
  "Component-preload.js": 1714787302420,
  "Component-preload.js.map": 1714787302420,
  "test/integration/opaTests.qunit.html": 1714787111007,
  "test/testsuite.qunit.html": 1714787111007,
  "test/flpSandbox.html": 1714787111003,
  "index.html": 1714787110999
}